AC Segment,2019 Margin %,2021 Margin %
SARVEPALLI,0.085517908,0.49
GUDUR (SC),0.256600204,0.49
SULLURPETA (SC),0.306746429,0.49
VENKATAGIRI,0.4,0.49
TIRUPATI,-0.020288737,0.49
SRIKALAHASTI,0.170175919,0.49
SATYAVEEDU (SC),0.246381297,0.49
OVERALL,0.177799661,0.49
